{"Position":{"x":5.380838394165039,"y":-2.0235438346862795,"z":0.0},"SceneIndex":1,"Points":2}