{"Position":{"x":-1.3278894424438477,"y":-2.026914119720459,"z":0.0},"SceneIndex":2,"Points":0}