{"Position":{"x":2.151928424835205,"y":-2.026914119720459,"z":0.0},"SceneIndex":2,"Points":0}